Name,Author,Price,Image
Fifty Shades of Grey: Book One of the Fifty...,E L James,$11.58  ,"https://images-na.ssl-images-amazon.com/images/I/810BkqRP%2BiL._AC_SR201,266_.jpg"
The Hunger Games (Book 1),Suzanne Collins,$8.79  ,"https://images-na.ssl-images-amazon.com/images/I/41ir9m8QQnL._AC_SR201,266_.jpg"
Catching Fire |Hunger Games|2,Suzanne Collins,$10.11  ,"https://images-na.ssl-images-amazon.com/images/I/71nxpYrA1bL._AC_SR201,266_.jpg"
StrengthsFinder 2.0,Tom Rath,$14.59  ,https://images-na.ssl-images-amazon.com/images/G/01/acs/ux/transparent.png
Mockingjay (Hunger Games),Suzanne Collins,$10.18  ,https://images-na.ssl-images-amazon.com/images/G/01/acs/ux/transparent.png
Fifty Shades Darker,E L James,$3.30  ,https://images-na.ssl-images-amazon.com/images/G/01/acs/ux/transparent.png
Fifty Shades Freed : Book Three of the Fifty...,E L James,$11.31  ,https://images-na.ssl-images-amazon.com/images/G/01/acs/ux/transparent.png
Gone Girl,Gillian Flynn,$9.99  ,https://images-na.ssl-images-amazon.com/images/G/01/acs/ux/transparent.png
The Help,Kathryn Stockett,$9.95  ,https://images-na.ssl-images-amazon.com/images/G/01/acs/ux/transparent.png
The Fault in Our Stars,John Green,$7.99  ,https://images-na.ssl-images-amazon.com/images/G/01/acs/ux/transparent.png
The Girl on the Train,Paula Hawkins,$7.23  ,https://images-na.ssl-images-amazon.com/images/G/01/acs/ux/transparent.png
Divergent (Divergent Series),J K Rowling,$7.29  ,https://images-na.ssl-images-amazon.com/images/G/01/acs/ux/transparent.png
Harry Potter and the Deathly Hallows (Book 7),Laura Hillenbrand,$10.49  ,https://images-na.ssl-images-amazon.com/images/G/01/acs/ux/transparent.png
Unbroken: A World War II Story of Survival...,R. J. Palacio,$11.99  ,https://images-na.ssl-images-amazon.com/images/G/01/acs/ux/transparent.png
Wonder,George R. R. Martin,$9.79  ,https://images-na.ssl-images-amazon.com/images/G/01/acs/ux/transparent.png
"A Game of Thrones (A Song of Ice and Fire, Book 1)",Liane Moriarty,$9.21  ,https://images-na.ssl-images-amazon.com/images/G/01/acs/ux/transparent.png
The Husband's Secret,Todd Burpo,$7.23  ,https://images-na.ssl-images-amazon.com/images/G/01/acs/ux/transparent.png
Who Moved My Cheese?: An Amazing Way to Deal...,Lynn Vincent,$7.91  ,https://images-na.ssl-images-amazon.com/images/G/01/acs/ux/transparent.png
Heaven is for Real: A Little Boy's Astounding...,F Scott Fitzgerald,$7.99  ,https://images-na.ssl-images-amazon.com/images/G/01/acs/ux/transparent.png
The Great Gatsby (Evergreens),Paula Hawkins,$12.55  ,https://images-na.ssl-images-amazon.com/images/G/01/acs/ux/transparent.png
The Girl on the Train,Gillian Flynn,$11.99  ,"https://images-na.ssl-images-amazon.com/images/I/A1P4Rlq9xvL._AC_SR201,266_.jpg"
Gone Girl,Kristin Hannah,$11.99  ,"https://images-na.ssl-images-amazon.com/images/I/81IgnYiW-6L._AC_SR201,266_.jpg"
The Nightingale: A Novel,John Green,$11.61  ,"https://images-na.ssl-images-amazon.com/images/I/5195k%2BWKsbL._AC_SR201,266_.jpg"
The Fault in Our Stars,E L James,$10.49  ,https://images-na.ssl-images-amazon.com/images/G/01/acs/ux/transparent.png
Fifty Shades of Grey: Book One of the Fifty...,Andy Weir,$21.65  ,https://images-na.ssl-images-amazon.com/images/G/01/acs/ux/transparent.png
The Martian: A Novel,Anthony Doerr,$19.43  ,https://images-na.ssl-images-amazon.com/images/G/01/acs/ux/transparent.png
All the Light We Cannot See,Laura Hillenbrand,$10.08  ,https://images-na.ssl-images-amazon.com/images/G/01/acs/ux/transparent.png
Unbroken : A World War II Story of Survival...,Mark Sullivan,$7.23  ,https://images-na.ssl-images-amazon.com/images/G/01/acs/ux/transparent.png
Beneath a Scarlet Sky: A Novel,Donna Tartt,$15.99  ,https://images-na.ssl-images-amazon.com/images/G/01/acs/ux/transparent.png
The Goldfinch: A Novel,Delia Owens,$19.74  ,https://images-na.ssl-images-amazon.com/images/G/01/acs/ux/transparent.png
The Hunger Games - Library Edition  ,Dan Brown,$77.69  ,https://images-na.ssl-images-amazon.com/images/G/01/acs/ux/transparent.png
Where the Crawdads Sing,Daniel James Brown,$9.51  ,https://images-na.ssl-images-amazon.com/images/G/01/acs/ux/transparent.png
Divergent Collector's Edition (Divergent Series),Suzanne Collins,$14.40  ,https://images-na.ssl-images-amazon.com/images/G/01/acs/ux/transparent.png
Inferno,Christina Baker Kline,$13.83  ,https://images-na.ssl-images-amazon.com/images/G/01/acs/ux/transparent.png
The Boys in the Boat: Nine Americans and Their...,Diana Gabaldon,$19.39  ,https://images-na.ssl-images-amazon.com/images/G/01/acs/ux/transparent.png
Mockingjay (The Hunger Games),Markus Zusak,$8.79  ,https://images-na.ssl-images-amazon.com/images/G/01/acs/ux/transparent.png
"BY Kline, Christina Baker ( Author )",Liane Moriarty,$28.49  ,https://images-na.ssl-images-amazon.com/images/G/01/acs/ux/transparent.png
"Outlander, 20th Anniversary Collector's Edition",Suzanne Collins,$21.99  ,https://images-na.ssl-images-amazon.com/images/G/01/acs/ux/transparent.png
The Book Thief (Anniversary Edition),Suzanne Collins,$15.22  ,https://images-na.ssl-images-amazon.com/images/G/01/acs/ux/transparent.png
The Husband's Secret,Suzanne Collins,$12.99  ,https://images-na.ssl-images-amazon.com/images/G/01/acs/ux/transparent.png
The Hunger Games (Book 1),John Green,$8.79  ,"https://images-na.ssl-images-amazon.com/images/I/41ir9m8QQnL._AC_SR201,266_.jpg"
Catching Fire (The Hunger Games),Veronica Roth,$10.29  ,"https://images-na.ssl-images-amazon.com/images/I/51IufOs4JTL._AC_SR201,266_.jpg"
Mockingjay (The Hunger Games),J K Rowling,$8.79  ,"https://images-na.ssl-images-amazon.com/images/I/41k66TFC43L._AC_SR201,266_.jpg"
The Fault in Our Stars,R. J. Palacio,$7.99  ,https://images-na.ssl-images-amazon.com/images/G/01/acs/ux/transparent.png
Divergent,Dr. Seuss,$11.39  ,https://images-na.ssl-images-amazon.com/images/G/01/acs/ux/transparent.png
Harry Potter and the Deathly Hallows (Book 7),Roger Priddy,$10.49  ,https://images-na.ssl-images-amazon.com/images/G/01/acs/ux/transparent.png
Wonder,Veronica Roth,$9.79  ,https://images-na.ssl-images-amazon.com/images/G/01/acs/ux/transparent.png
"Oh, the Places You'll Go!  ",Rob Elliott,$10.99  ,https://images-na.ssl-images-amazon.com/images/G/01/acs/ux/transparent.png
First 100 Words,Veronica Roth,$4.99  ,https://images-na.ssl-images-amazon.com/images/G/01/acs/ux/transparent.png
Insurgent (Divergent Series),Eric Carle,$10.74  ,https://images-na.ssl-images-amazon.com/images/G/01/acs/ux/transparent.png
Laugh-Out-Loud Jokes for Kids,Suzanne Collins,$4.99  ,https://images-na.ssl-images-amazon.com/images/G/01/acs/ux/transparent.png
